Employee_ID,Name,Department,Age,Gender,Joining_Date,Salary($),City,Email,Experience(Years),Performance_Score
101,Lucy,IT,33,M,13-10-2020,75500,San Francisco,"lucy@gmail,com",9,C
102,Ravi Kumar,Sales,48,Male,15-09-2020,58500,Mumbai,"ravi.kumar@gmail,com",2,A
103,Lucy,IT,48,Male,31-03-2021,49000,Mumbai,lucy@gmail.com,7,A
104,Linda,HR,45,F,24-09-2010,88500,Boston,linda@hotmail.com,14,B
105,Emily Brown,Finance,38,Female,11-06-2022,71000,Lahore,emily.brown@n/a,4,A
106,Karen,HR,43,Female,22-04-2017,62500,Lahore,karen@n/a,13,B
107,Nina Patel,Marketing,28,Male,27-07-2012,91000,Lahore,"nina.patel@gmail,com",14,A
108,Tom O’Brien,Marketing,27,M,19-06-2023,,Miami,tom.o’brien@mailcom,13,B
109,Karen,IT,22,M,14-08-2015,45500,Mumbai,,6,C
110,David Miller,Marketing,25,Male,22-08-2013,82000,Dallas,"david.miller@gmail,com",1,A
111,Chris Taylor,Sales,28,F,09-05-2021,52000,Dallas,chris.taylor@yahoo.com,13,C
112,,Finance,46,Male,11-02-2014,67500,Delhi,,11,C
113,Emily Brown,HR,40,F,10-04-2010,74500,Delhi,emily.brown@mailcom,10,C
114,Peter Parker,Marketing,22,M,26-02-2021,77500,Lahore,peter.parker@n/a,10,C
115,Lily Evans,HR,35,F,03-03-2013,58000,Boston,lily.evans@yahoo.com,,A
116,Sarah Smith,Marketing,35,Female,16-08-2021,77500,,sarah.smith@yahoo.com,10,C
117,David Miller,Marketing,26,Male,14-05-2012,57000,Delhi,david.miller@mail.com,5,A
118,Priya Sharma,Marketing,40,F,19-07-2019,43000,Chicago,"priya.sharma@gmail,com",11,A
119,Ana Lucia,Marketing,27,M,13-10-2021,83500,Dallas,,4,C
120,John Doe,Marketing,24,M,29-07-2021,53000,Lahore,john.doe@mail.com,,C
121,Ravi Kumar,IT,23,F,20-03-2014,85500,Chicago,ravi.kumar@mailcom,3,C
122,Peter Parker,HR,,M,26-11-2020,63000,Dallas,peter.parker@mail.com,2,C
123,Lily Evans,Marketing,49,M,16-06-2013,89500,NewYork,lily.evans@hotmail.com,5,B
124,Ahmed Khan,IT,,Female,31-12-2013,75000,Delhi,ahmed.khan@mailcom,3,B
125,Priya Sharma,HR,39,Male,22-02-2020,54000,Boston,priya.sharma@hotmail.com,13,C
126,Lucy,IT,42,F,04-07-2013,93000,Mumbai,lucy@n/a,14,C
127,,Finance,38,F,16-01-2016,83500,Delhi,,11,B
128,Jessica Fin,Sales,49,Female,29-01-2013,61500,NewYork,jessica.fin@mailcom,8,A
129,Mark Henry,Sales,39,Female,23-07-2014,90000,SanFrancisco,mark.henry@mail.com,12,B
130,Andrew Chen,Marketing,49,Female,22-08-2011,89500,Miami,andrew.chen@n/a,14,A
131,Karen,Finance,47,M,24-09-2012,46000,Dallas,"karen@gmail,com",2,B
132,Tom O’Brien,Marketing,44,F,,94500,NewYork,"tom.o’brien@gmail,com",4,B
133,Adam Smith,IT,48,F,28-12-2011,61500,Mumbai,adam.smith@yahoo.com,1,C
134,Tom O’Brien,Sales,38,Female,20-09-2018,75000,Boston,tom.o’brien@n/a,14,C
135,Lucy,IT,24,Male,07-06-2020,72500,Mumbai,,3,B
136,Ana Lucia,Marketing,43,F,11-09-2010,47500,NewYork,ana.lucia@mailcom,4,C
137,Emily Brown,Finance,33,Female,09-04-2010,67500,San Francisco,emily.brown@n/a,3,A
138,Robert Jr,Marketing,48,M,27-11-2010,77500,Dallas,robert.jr@mail.com,8,C
139,Maria Lopez,Sales,25,Female,08-01-2022,81000,Miami,maria.lopez@gmail.com,,A
140,Ravi Kumar,Finance,,Male,12-03-2021,46000,Boston,ravi.kumar@n/a,1,A
141,Peter Parker,Marketing,41,Male,26-04-2021,63500,Mumbai,peter.parker@hotmail.com,5,A
142,Henry,Finance,46,Male,29-08-2018,68000,Dallas,henry@n/a,8,B
143,Rahul,HR,34,Male,09-11-2021,62500,Delhi,rahul@n/a,3,C
144,Chris Taylor,Sales,36,Female,01-02-2021,93000,New York,chris.taylor@mail.com,14,C
145,Olivia,Finance,36,M,24-05-2021,45000,SanFrancisco,"olivia@gmail,com",11,B
146,Ahmed Khan,HR,,Male,,82500,Miami,"ahmed.khan@gmail,com",13,A
147,Jacob Lee,HR,23,F,03-08-2023,88000,Chicago,,11,B
148,Lucy,HR,46,Male,08-12-2022,90000,NewYork,lucy@mailcom,3,C
149,Maria Lopez,Finance,38,F,05-01-2018,84000,SanFrancisco,maria.lopez@hotmail.com,3,A
150,Priya Sharma,Marketing,35,Female,02-04-2015,,Chicago,"priya.sharma@gmail,com",14,A
151,Nina Patel,HR,23,Male,07-01-2016,81000,Miami,nina.patel@mail.com,4,B
152,Maria Lopez,Finance,36,Female,29-08-2016,69500,Lahore,maria.lopez@mailcom,4,C
153,Karen,IT,32,M,09-09-2019,87500,Dallas,karen@hotmail.com,3,B
154,Robert Jr,Marketing,33,Male,03-10-2012,75000,Boston,robert.jr@yahoo.com,7,B
155,Mark Henry,HR,28,Male,17-02-2019,,Mumbai,mark.henry@gmail.com,9,C
156,David Miller,HR,45,F,06-03-2015,66500,Chicago,david.miller@yahoo.com,9,B
157,Andrew Chen,Marketing,43,M,28-03-2013,51500,Chicago,"andrew.chen@gmail,com",2,A
158,Emily Brown,IT,,Female,23-06-2019,41500,Lahore,"emily.brown@gmail,com",6,A
159,,Marketing,33,Female,09-07-2018,,SanFrancisco,,,A
160,Karen,Sales,23,Male,31-12-2011,77500,Mumbai,karen@n/a,1,B
161,Nina Patel,Sales,28,M,04-04-2012,62000,Boston,nina.patel@hotmail.com,11,C
162,Rahul,Marketing,46,Male,01-11-2022,69000,SanFrancisco,rahul@n/a,,C
163,Sunil,Marketing,37,F,05-04-2023,,Mumbai,sunil@yahoo.com,,A
164,Maria Lopez,IT,45,M,13-12-2013,68500,SanFrancisco,maria.lopez@mailcom,5,C
165,Nina Patel,Sales,37,M,13-10-2015,49000,Lahore,nina.patel@mailcom,5,A
166,Sunil,Finance,24,Female,03-02-2013,88500,Mumbai,sunil@hotmail.com,1,C
167,Jessica Fin,Marketing,35,Male,06-03-2013,58500,Dallas,jessica.fin@hotmail.com,13,A
168,Ravi Kumar,Finance,27,M,04-05-2018,81000,Dallas,ravi.kumar@hotmail.com,7,C
169,Karen,IT,41,F,01-11-2018,,NewYork,karen@n/a,4,A
170,Sunil,Sales,26,F,26-01-2022,62500,Boston,"sunil@gmail,com",9,C
171,Linda,IT,26,M,03-02-2010,41500,Miami,linda@yahoo.com,14,C
172,Emily Brown,Sales,23,M,25-12-2018,49500,Dallas,,12,C
173,Sunil,HR,,M,06-07-2011,56000,Lahore,sunil@mailcom,10,A
174,Chris Taylor,IT,48,Male,23-08-2021,62500,NewYork,chris.taylor@mail.com,1,A
175,Rahul,Finance,31,Male,04-09-2017,48000,Miami,,7,A
176,Priya Sharma,Marketing,32,Male,26-02-2016,74500,Lahore,priya.sharma@gmail.com,4,C
177,Karen,IT,33,Female,15-10-2012,70500,Mumbai,karen@n/a,5,C
178,Rahul,Marketing,47,M,15-07-2013,79500,Miami,rahul@mailcom,5,A
179,,Finance,45,Female,23-04-2020,87500,Miami,,13,A
180,Sophia,HR,28,M,18-09-2012,53500,Miami,sophia@gmail.com,2,C
181,Sunil,Finance,35,M,08-09-2021,92500,SanFrancisco,sunil@mail.com,13,C
182,Tom O’Brien,Marketing,23,Male,06-10-2015,71000,,,7,B
183,Rahul,Sales,31,F,16-08-2021,87000,Delhi,"rahul@gmail,com",14,C
184,Peter Parker,IT,42,Male,27-02-2020,89000,Boston,"peter.parker@gmail,com",13,B
185,Ava Wilson,Finance,37,Female,03-10-2018,93500,Boston,ava.wilson@gmail.com,10,A
186,,Sales,33,M,16-06-2010,63500,Mumbai,,12,C
187,Sunil,Finance,26,Female,16-08-2023,67000,NewYork,sunil@yahoo.com,10,A
188,Adam Smith,IT,45,Male,01-07-2013,79500,Miami,adam.smith@n/a,11,B
189,Henry,HR,23,M,27-03-2022,75000,,henry@n/a,13,C
190,Andrew Chen,IT,35,F,30-04-2016,67500,Miami,andrew.chen@yahoo.com,11,B
191,Priya Sharma,Finance,33,Female,28-07-2013,79500,Mumbai,"priya.sharma@gmail,com",5,B
192,,,31,M,25-06-2015,79500,Boston,,4,A
193,Priya Sharma,Finance,38,Female,13-12-2010,53000,NewYork,priya.sharma@n/a,8,C
194,Priya Sharma,IT,35,F,16-02-2017,82000,Delhi,priya.sharma@mailcom,2,B
195,Tom O’Brien,Finance,,Male,29-09-2015,78500,San Francisco,tom.o’brien@mailcom,14,B
196,David Miller,IT,38,F,15-04-2013,79000,Lahore,david.miller@gmail.com,14,C
197,Sunil,Finance,,M,06-09-2013,50500,Mumbai,"sunil@gmail,com",4,C
198,Henry,Finance,27,M,12-02-2019,92500,Mumbai,henry@yahoo.com,13,A
199,Nina Patel,Finance,42,Female,21-04-2023,86500,Dallas,nina.patel@gmail.com,11,A
200,Andrew Chen,Finance,49,Male,04-11-2021,90000,San Francisco,andrew.chen@yahoo.com,1,C
201,Peter Parker,Sales,,M,03-07-2011,63500,Miami,peter.parker@n/a,8,C
202,Olivia,Sales,30,Male,01-10-2015,87500,Delhi,olivia@gmail.com,2,B
203,Sophia,Sales,40,Female,09-07-2023,59500,,sophia@mail.com,2,B
204,Tom O’Brien,Finance,48,Male,27-09-2018,73000,Miami,tom.o’brien@n/a,13,A
205,Henry,HR,41,Male,11-06-2013,,Chicago,henry@gmail.com,1,C
206,Ahmed Khan,Finance,25,F,04-04-2011,89000,Mumbai,ahmed.khan@mail.com,10,C
207,Rahul,Finance,27,Male,08-10-2018,40500,Boston,rahul@mail.com,6,B
208,Chris Taylor,IT,38,M,13-07-2016,70000,SanFrancisco,chris.taylor@hotmail.com,9,A
209,Priya Sharma,HR,28,M,23-10-2016,61500,Miami,priya.sharma@gmail.com,,A
210,Rahul,Marketing,29,F,27-01-2022,79500,Delhi,rahul@n/a,,B
211,Emily Brown,Finance,37,Female,04-03-2010,69000,Lahore,emily.brown@mail.com,10,A
212,Emily Brown,IT,32,F,08-03-2016,63000,Dallas,emily.brown@mailcom,14,C
213,Ahmed Khan,HR,32,F,22-08-2018,72500,Delhi,ahmed.khan@hotmail.com,9,C
214,Neha Verma,HR,29,Male,14-02-2012,48000,Miami,,10,C
215,Peter Parker,Finance,39,Female,14-06-2010,50000,Boston,peter.parker@gmail.com,12,B
216,Ana Lucia,Marketing,41,Female,08-04-2018,91500,,,14,C
217,Priya Sharma,Finance,47,Male,15-04-2014,49500,,priya.sharma@mail.com,12,B
218,,Sales,,Female,06-06-2015,56500,Mumbai,,13,C
219,Peter Parker,Marketing,24,Male,12-02-2023,58500,SanFrancisco,,12,B
220,Karen,Sales,,M,27-12-2010,63000,Delhi,"karen@gmail,com",3,C
221,,Marketing,35,F,10-01-2019,92000,Delhi,,1,B
222,David Miller,IT,23,Male,26-08-2017,,Miami,david.miller@mail.com,8,B
223,Ahmed Khan,Marketing,24,Male,30-01-2022,48000,Dallas,ahmed.khan@mail.com,4,C
224,Ravi Kumar,IT,,Female,23-04-2015,94500,NewYork,ravi.kumar@gmail.com,12,B
225,Ravi Kumar,IT,45,Male,15-12-2021,46500,,"ravi.kumar@gmail,com",1,B
226,,Sales,39,Male,21-03-2023,63500,NewYork,,11,C
227,Ravi Kumar,Sales,30,Male,18-11-2019,58000,SanFrancisco,ravi.kumar@n/a,,A
228,Ana Lucia,Finance,29,Female,05-04-2017,77000,New York,ana.lucia@n/a,13,C
229,Sophia,IT,41,Male,18-06-2016,90000,Delhi,sophia@gmail.com,7,A
230,Chris Taylor,Marketing,46,M,09-02-2017,76500,Lahore,chris.taylor@n/a,1,B
231,Sarah Smith,Sales,34,Male,,92000,Mumbai,sarah.smith@n/a,6,B
232,Ravi Kumar,HR,24,Female,31-10-2011,87500,Delhi,ravi.kumar@mail.com,11,B
233,Rahul,IT,46,Male,06-10-2017,90500,Boston,rahul@mailcom,6,C
234,David Miller,IT,48,M,05-12-2021,90000,NewYork,david.miller@gmail.com,12,C
235,Maria Lopez,HR,29,Female,08-05-2023,58500,Lahore,maria.lopez@n/a,9,B
236,Linda,Finance,23,Male,18-06-2013,62500,Chicago,linda@mail.com,3,C
237,Ahmed Khan,IT,25,Male,01-08-2019,77500,Miami,ahmed.khan@gmail.com,11,A
238,Maria Lopez,Finance,42,F,25-09-2016,83500,Boston,maria.lopez@gmail.com,2,C
239,Henry,Sales,27,F,27-08-2017,58000,Boston,henry@mail.com,3,A
240,Tom O’Brien,Sales,39,Male,24-11-2016,78000,,tom.o’brien@gmail.com,3,A
241,Tom O’Brien,Sales,,Male,15-01-2010,54500,Boston,tom.o’brien@gmail.com,1,C
242,Emily Brown,IT,22,M,21-03-2016,46500,SanFrancisco,emily.brown@mailcom,9,A
243,Henry,Sales,34,F,25-09-2010,81500,Dallas,henry@gmail.com,12,A
244,Jacob Lee,IT,39,Male,29-12-2020,82500,Dallas,jacob.lee@n/a,4,A
245,Linda,HR,,M,24-12-2021,73500,Chicago,"linda@gmail,com",12,A
246,Neha Verma,Finance,44,F,,,Dallas,neha.verma@yahoo.com,1,B
247,Robert Jr,HR,23,Male,02-08-2013,61000,Chicago,robert.jr@mailcom,2,B
248,Sophia,Marketing,,Female,06-01-2022,,NewYork,sophia@yahoo.com,13,C
249,Adam Smith,Finance,22,Male,05-12-2015,59000,Chicago,adam.smith@mail.com,14,A
250,Chris Taylor,Sales,,M,24-03-2020,60000,Delhi,chris.taylor@gmail.com,7,C
251,Henry,Finance,30,Female,10-05-2012,40500,SanFrancisco,,2,B
252,Sunil,Sales,46,Male,03-09-2018,82000,Boston,sunil@mailcom,5,A
253,Neha Verma,IT,25,Male,27-06-2023,42500,Delhi,neha.verma@yahoo.com,10,B
254,Rahul,IT,25,F,03-05-2012,,Dallas,rahul@mail.com,3,B
255,Adam Smith,Marketing,,F,25-11-2017,59500,Delhi,adam.smith@mailcom,11,B
256,Lily Evans,HR,36,F,07-11-2018,58000,Dallas,lily.evans@n/a,1,C
257,Ava Wilson,Sales,,Female,20-11-2012,82000,Delhi,ava.wilson@n/a,6,C
258,Chris Taylor,Finance,28,Male,09-11-2012,78000,Chicago,chris.taylor@mail.com,,A
259,Lucy,IT,28,F,18-05-2023,52000,Mumbai,lucy@hotmail.com,2,C
260,Maria Lopez,Marketing,,Male,15-02-2018,88500,Dallas,maria.lopez@mailcom,14,A
261,Lucy,Finance,34,Female,24-05-2014,48000,,lucy@hotmail.com,,C
262,Henry,HR,31,F,04-06-2023,70000,,henry@yahoo.com,4,C
263,Adam Smith,,37,M,30-01-2016,48000,Chicago,,,C
264,,Finance,35,M,17-11-2020,52500,Miami,,11,B
265,Maria Lopez,IT,34,M,05-12-2014,91500,Boston,maria.lopez@mailcom,10,C
266,Jessica Fin,HR,24,Male,13-08-2021,41000,San Francisco,"jessica.fin@gmail,com",13,B
267,Tom O’Brien,Finance,29,Male,11-08-2012,94500,Chicago,tom.o’brien@gmail.com,10,A
268,Linda,Marketing,36,Male,09-01-2023,44000,Lahore,linda@mail.com,1,A
269,Maria Lopez,HR,33,Male,10-10-2019,79000,Dallas,maria.lopez@gmail.com,2,A
270,John Doe,Finance,30,F,06-09-2019,62000,Lahore,"john.doe@gmail,com",11,A
271,Ana Lucia,IT,22,Male,25-02-2022,81500,Miami,,5,B
272,Peter Parker,HR,47,F,09-03-2020,68000,Chicago,peter.parker@hotmail.com,8,C
273,Ravi Kumar,IT,,Male,08-06-2018,73000,Miami,ravi.kumar@n/a,12,B
274,Maria Lopez,IT,37,Male,26-04-2020,62500,Lahore,maria.lopez@mailcom,10,B
275,,IT,28,Female,22-10-2016,53000,Dallas,,3,B
276,Maria Lopez,Finance,35,F,02-12-2021,84000,Boston,maria.lopez@n/a,13,A
277,Priya Sharma,IT,28,M,18-01-2012,55500,Delhi,priya.sharma@mailcom,10,B
278,Robert Jr,Sales,38,F,07-10-2018,59000,Delhi,robert.jr@yahoo.com,3,C
279,Emily Brown,Marketing,,Female,12-01-2015,82000,Boston,emily.brown@yahoo.com,,B
280,Ahmed Khan,Marketing,46,Female,16-10-2010,55500,Miami,"ahmed.khan@gmail,com",,A
281,Linda,IT,29,Male,17-12-2015,63500,Mumbai,linda@mail.com,10,A
282,Nina Patel,IT,42,Female,02-06-2021,52000,NewYork,nina.patel@gmail.com,3,B
283,Karen,Sales,29,F,09-07-2022,64500,SanFrancisco,karen@mailcom,10,C
284,Lucy,Sales,36,M,25-12-2022,61000,Boston,lucy@gmail.com,,C
285,Priya Sharma,,39,Female,,43000,Dallas,priya.sharma@yahoo.com,6,B
286,Emily Brown,Finance,25,Female,14-07-2012,70500,Mumbai,emily.brown@n/a,8,B
287,Chris Taylor,Sales,41,F,22-11-2020,91000,Chicago,chris.taylor@gmail.com,6,A
288,Andrew Chen,IT,29,Male,23-11-2018,40500,Boston,"andrew.chen@gmail,com",9,C
289,Mark Henry,Marketing,40,Male,18-09-2013,73000,Boston,,7,A
290,Tom O’Brien,Marketing,32,Female,18-12-2016,93500,Miami,tom.o’brien@n/a,13,C
291,Sunil,Sales,26,Female,21-09-2010,53500,SanFrancisco,sunil@gmail.com,11,A
292,Neha Verma,Marketing,22,M,10-09-2014,74500,Lahore,neha.verma@hotmail.com,12,B
293,Jacob Lee,IT,33,Female,,56500,NewYork,jacob.lee@hotmail.com,3,B
294,Rahul,,39,M,04-11-2016,48500,Miami,"rahul@gmail,com",1,C
295,Sarah Smith,Finance,40,F,19-08-2017,45000,Delhi,sarah.smith@gmail.com,10,B
296,Ana Lucia,Sales,32,F,01-11-2015,90000,Dallas,ana.lucia@mail.com,2,A
297,Sarah Smith,Marketing,29,M,19-10-2022,78500,,,4,A
298,Sunil,Marketing,39,M,22-05-2021,81000,Miami,sunil@hotmail.com,11,C
299,Ana Lucia,Sales,27,F,14-05-2014,75500,Mumbai,ana.lucia@mail.com,10,C
300,John Doe,Marketing,34,F,04-02-2020,93000,Lahore,john.doe@mailcom,1,B
301,Neha Verma,Finance,25,Male,12-09-2018,65500,Lahore,neha.verma@n/a,12,B
302,,HR,46,M,23-12-2016,78000,New York,,13,B
303,Henry,HR,44,Female,07-10-2017,94000,Lahore,henry@hotmail.com,14,A
304,Peter Parker,Sales,43,F,10-11-2018,43500,Miami,,1,A
305,Peter Parker,Sales,34,Male,05-10-2021,47000,NewYork,peter.parker@gmail.com,1,B
306,Maria Lopez,Sales,43,M,15-05-2019,49000,Lahore,maria.lopez@mailcom,2,C
307,Jacob Lee,Marketing,46,Female,04-07-2012,40000,Chicago,jacob.lee@yahoo.com,12,B
308,Neha Verma,IT,35,Male,23-11-2015,54000,Miami,neha.verma@hotmail.com,2,C
309,Karen,HR,38,M,01-08-2018,84000,Lahore,"karen@gmail,com",,C
310,Maria Lopez,IT,33,Male,29-05-2016,81500,Miami,maria.lopez@n/a,4,C
311,Ava Wilson,Marketing,36,F,08-01-2013,83000,Dallas,,6,A
312,Ahmed Khan,Marketing,29,F,03-09-2021,,,ahmed.khan@n/a,3,B
313,Neha Verma,HR,44,F,27-09-2016,70000,Delhi,neha.verma@gmail.com,9,B
314,Peter Parker,HR,35,M,01-11-2015,86500,SanFrancisco,peter.parker@gmail.com,2,A
315,Jacob Lee,Marketing,22,Male,28-11-2018,,SanFrancisco,jacob.lee@n/a,4,A
316,Olivia,Marketing,25,F,09-06-2021,77500,Mumbai,olivia@gmail.com,10,B
317,Henry,Finance,43,Female,06-07-2021,94500,Miami,,3,C
318,Olivia,Sales,43,F,24-05-2022,48500,Mumbai,olivia@mail.com,7,C
319,Jessica Fin,Marketing,43,M,29-04-2023,77500,New York,jessica.fin@mailcom,13,A
320,Neha Verma,HR,30,F,18-02-2015,58500,Delhi,,13,B
321,Emily Brown,HR,38,Female,19-08-2019,,Lahore,emily.brown@gmail.com,9,A
322,David Miller,Sales,28,M,03-02-2016,92000,Delhi,david.miller@mail.com,1,C
323,Sarah Smith,HR,,F,19-09-2019,81000,Delhi,sarah.smith@mailcom,1,A
324,Andrew Chen,Sales,39,Female,16-06-2012,55000,Lahore,andrew.chen@n/a,2,B
325,Ravi Kumar,IT,33,Male,29-04-2023,72500,New York,ravi.kumar@gmail.com,3,B
326,Karen,HR,,F,04-05-2012,43000,New York,karen@n/a,3,A
327,Ana Lucia,Finance,48,F,08-05-2020,75000,NewYork,ana.lucia@n/a,8,A
328,Neha Verma,IT,44,Male,10-02-2017,86000,Delhi,neha.verma@mail.com,3,B
329,Sunil,HR,24,F,25-12-2012,86000,SanFrancisco,sunil@yahoo.com,12,B
330,Nina Patel,Sales,41,Male,11-10-2015,68000,Chicago,"nina.patel@gmail,com",5,B
331,Priya Sharma,HR,43,Female,,78500,Delhi,priya.sharma@n/a,,C
332,,Finance,,Male,20-04-2012,55000,Delhi,,10,B
333,Andrew Chen,Marketing,37,F,14-06-2020,77000,Dallas,"andrew.chen@gmail,com",6,C
334,Lily Evans,Sales,29,Male,18-10-2012,75500,San Francisco,"lily.evans@gmail,com",4,B
335,Ahmed Khan,Sales,37,M,19-01-2019,,,,12,C
336,Sunil,Marketing,29,Male,10-04-2022,60000,Boston,"sunil@gmail,com",1,B
337,David Miller,IT,27,Female,05-11-2010,46500,Chicago,,11,C
338,Jacob Lee,Marketing,36,Male,09-03-2015,,San Francisco,,11,A
339,Lucy,IT,31,M,27-03-2018,72000,Lahore,lucy@mail.com,14,A
340,Emily Brown,Marketing,31,Female,27-08-2014,49000,Mumbai,emily.brown@hotmail.com,10,C
341,Neha Verma,Finance,44,M,26-07-2023,77500,Miami,neha.verma@yahoo.com,14,B
342,Adam Smith,IT,49,F,11-08-2016,53000,Mumbai,adam.smith@hotmail.com,8,C
343,Linda,HR,39,Female,15-10-2011,45500,Mumbai,linda@hotmail.com,3,B
344,Karen,HR,46,M,10-12-2018,48500,New York,karen@gmail.com,3,A
345,Tom O’Brien,IT,24,Male,27-08-2014,94000,Dallas,"tom.o’brien@gmail,com",9,B
346,Priya Sharma,,33,M,14-11-2015,92000,Chicago,"priya.sharma@gmail,com",2,C
347,,IT,31,Female,18-08-2020,42000,Chicago,,13,A
348,Priya Sharma,Marketing,25,M,30-12-2021,80000,Lahore,"priya.sharma@gmail,com",8,A
349,Maria Lopez,IT,27,M,13-11-2015,41500,Lahore,"maria.lopez@gmail,com",1,C
350,Ava Wilson,HR,,Female,13-09-2017,44000,Chicago,"ava.wilson@gmail,com",1,B
351,,IT,45,F,05-05-2021,89500,Delhi,,1,C
352,Jacob Lee,,48,Male,26-10-2010,68000,NewYork,jacob.lee@n/a,,C
353,Ahmed Khan,Marketing,49,Female,17-05-2012,47500,Miami,"ahmed.khan@gmail,com",12,C
354,Linda,IT,30,M,05-04-2015,47000,Mumbai,linda@gmail.com,4,C
355,Andrew Chen,Sales,37,M,13-09-2016,,NewYork,andrew.chen@n/a,5,A
356,Ava Wilson,Sales,43,M,19-05-2019,,Mumbai,ava.wilson@n/a,2,A
357,Sunil,HR,33,M,19-05-2013,81500,Miami,,5,A
358,Ahmed Khan,Marketing,49,M,05-08-2021,58500,Dallas,ahmed.khan@gmail.com,11,C
359,Ana Lucia,Marketing,42,M,25-04-2023,43500,Delhi,"ana.lucia@gmail,com",9,B
360,Karen,Finance,37,Male,15-05-2019,52500,SanFrancisco,"karen@gmail,com",12,C
361,Chris Taylor,Sales,,Male,21-09-2010,62000,San Francisco,chris.taylor@gmail.com,11,B
362,Sarah Smith,IT,23,Female,28-06-2015,41000,Boston,sarah.smith@gmail.com,3,A
363,,Marketing,22,Female,13-09-2018,57500,Miami,,9,C
364,Ravi Kumar,HR,24,F,24-03-2010,70500,Dallas,,8,B
365,Jessica Fin,Sales,33,Female,12-09-2021,66500,SanFrancisco,,8,B
366,Jacob Lee,Marketing,,M,02-10-2014,57500,Lahore,jacob.lee@gmail.com,12,B
367,Tom O’Brien,Sales,28,Female,30-04-2022,80500,Miami,"tom.o’brien@gmail,com",6,B
368,Robert Jr,Marketing,48,F,14-08-2017,78000,Dallas,,9,C
369,Priya Sharma,IT,,M,02-11-2019,,Delhi,priya.sharma@mail.com,14,A
370,Linda,HR,49,F,21-12-2010,70000,Chicago,linda@gmail.com,4,B
371,Jessica Fin,Marketing,26,Female,28-05-2012,94000,New York,jessica.fin@gmail.com,,A
372,Sarah Smith,Sales,27,Male,21-01-2010,77000,New York,sarah.smith@yahoo.com,9,C
373,Lily Evans,HR,48,F,,60500,Mumbai,"lily.evans@gmail,com",7,C
374,Olivia,Finance,34,F,19-12-2012,55000,,olivia@mailcom,1,C
375,Tom O’Brien,Marketing,,Male,10-11-2021,42500,SanFrancisco,tom.o’brien@hotmail.com,5,C
376,Sunil,IT,,M,15-01-2014,93500,SanFrancisco,sunil@mailcom,13,C
377,,Sales,22,F,10-11-2019,67000,Lahore,,3,A
378,Maria Lopez,HR,32,Male,16-02-2018,70500,SanFrancisco,,9,C
379,Lucy,Sales,41,Male,15-12-2021,48000,Miami,lucy@n/a,11,A
380,Jacob Lee,,,M,26-06-2016,62500,Dallas,"jacob.lee@gmail,com",11,A
381,Lucy,Marketing,24,Male,06-06-2015,91000,Lahore,lucy@gmail.com,11,C
382,Andrew Chen,Finance,46,M,27-10-2017,45000,Boston,"andrew.chen@gmail,com",14,B
383,Ravi Kumar,Sales,23,F,24-06-2022,73500,Delhi,"ravi.kumar@gmail,com",5,A
384,Robert Jr,Finance,30,F,01-10-2022,49000,Mumbai,robert.jr@hotmail.com,10,C
385,Olivia,IT,38,Male,25-12-2018,61500,Delhi,olivia@mail.com,12,B
386,Sarah Smith,IT,33,Male,10-06-2016,,Mumbai,sarah.smith@mailcom,6,A
387,Jacob Lee,HR,23,M,06-10-2018,91000,Boston,,9,C
388,Jessica Fin,Marketing,36,Female,24-12-2010,93500,Dallas,,13,A
389,Jessica Fin,HR,49,M,22-09-2017,41500,SanFrancisco,jessica.fin@yahoo.com,11,A
390,Sophia,Finance,47,F,13-09-2013,,SanFrancisco,sophia@mail.com,3,C
391,Lucy,Marketing,,Male,13-03-2018,53000,,lucy@mail.com,6,A
392,Sarah Smith,HR,29,M,10-11-2010,44000,Mumbai,"sarah.smith@gmail,com",11,C
393,Robert Jr,HR,29,Female,02-06-2017,58500,Chicago,,11,B
394,Peter Parker,Sales,28,M,14-04-2022,85500,Delhi,,12,C
395,Jacob Lee,IT,,M,16-01-2015,63500,New York,jacob.lee@mailcom,11,A
396,Olivia,Sales,33,Male,13-01-2023,46500,San Francisco,olivia@n/a,3,A
397,Neha Verma,Sales,32,F,08-12-2010,85500,Mumbai,,13,A
398,Rahul,Sales,33,M,12-09-2013,68500,Delhi,rahul@hotmail.com,6,B
399,Ana Lucia,Finance,26,Male,07-03-2013,63500,New York,ana.lucia@n/a,6,B
400,Andrew Chen,Sales,36,Male,26-07-2019,59500,Lahore,andrew.chen@mailcom,12,B
401,Maria Lopez,Finance,47,Male,28-10-2015,46000,Delhi,maria.lopez@gmail.com,,A
402,Ravi Kumar,Finance,23,M,28-10-2017,59500,Boston,ravi.kumar@gmail.com,14,C
403,Neha Verma,Finance,36,F,03-07-2013,44000,NewYork,neha.verma@n/a,13,C
404,Henry,Finance,43,Female,26-08-2023,78000,Mumbai,,2,B
405,Olivia,Finance,32,Male,01-03-2015,73000,Boston,olivia@mailcom,14,B
406,David Miller,Finance,36,M,23-10-2012,48000,New York,"david.miller@gmail,com",10,B
407,John Doe,Sales,45,M,10-09-2017,40000,New York,john.doe@hotmail.com,12,C
408,Robert Jr,IT,32,F,17-01-2016,49500,Boston,,10,A
409,Ava Wilson,Finance,35,F,20-04-2017,40000,Delhi,,5,B
410,Lucy,IT,43,Female,02-05-2020,,Dallas,lucy@hotmail.com,2,A
411,Jessica Fin,Marketing,34,Female,31-05-2012,70500,Miami,"jessica.fin@gmail,com",5,C
412,John Doe,IT,40,Male,21-06-2018,47000,NewYork,john.doe@gmail.com,4,A
413,Sophia,Sales,49,Female,08-06-2010,74500,Dallas,sophia@mailcom,3,C
414,Neha Verma,IT,47,Male,,40500,New York,neha.verma@mail.com,3,A
415,Mark Henry,HR,35,M,18-05-2019,90500,,mark.henry@yahoo.com,12,B
416,Lucy,Marketing,24,Male,23-07-2017,81000,,lucy@n/a,1,C
417,Linda,Sales,40,M,02-11-2013,73000,Lahore,linda@hotmail.com,13,A
418,Ravi Kumar,IT,35,F,24-03-2021,78500,SanFrancisco,ravi.kumar@yahoo.com,9,A
419,Priya Sharma,Marketing,,Male,01-11-2021,45000,Chicago,priya.sharma@mail.com,11,B
420,Sarah Smith,,,F,20-07-2018,42500,New York,,7,A
421,Maria Lopez,Sales,41,F,13-08-2021,93000,NewYork,maria.lopez@yahoo.com,,A
422,Priya Sharma,Marketing,28,Male,23-08-2012,46000,Lahore,priya.sharma@yahoo.com,10,B
423,Karen,IT,23,M,03-12-2012,47500,Boston,karen@n/a,7,C
424,Maria Lopez,Sales,44,M,06-06-2010,58000,Delhi,"maria.lopez@gmail,com",6,B
425,Ana Lucia,Sales,38,Female,18-02-2017,66500,Mumbai,ana.lucia@gmail.com,3,B
426,Henry,Marketing,,M,25-04-2011,87000,Chicago,henry@yahoo.com,1,C
427,,Marketing,38,Female,25-08-2022,,SanFrancisco,,5,C
428,Karen,Finance,46,Female,16-05-2023,83500,Mumbai,"karen@gmail,com",2,A
429,Sophia,Finance,26,F,02-05-2013,,New York,sophia@gmail.com,5,B
430,Andrew Chen,Marketing,,Female,06-11-2016,88000,Delhi,andrew.chen@yahoo.com,5,B
431,Sarah Smith,HR,44,F,10-08-2018,68500,Mumbai,sarah.smith@gmail.com,11,A
432,Nina Patel,Marketing,22,Male,14-08-2019,,Chicago,nina.patel@gmail.com,6,B
433,Lucy,Sales,37,M,11-06-2017,41000,Dallas,lucy@hotmail.com,12,C
434,Rahul,IT,,Female,29-06-2022,48000,,rahul@n/a,12,A
435,Andrew Chen,Finance,37,F,14-10-2018,82000,Lahore,andrew.chen@gmail.com,6,C
436,Ana Lucia,IT,29,Female,06-12-2021,46500,San Francisco,ana.lucia@hotmail.com,8,C
437,Jacob Lee,Sales,35,F,28-09-2019,73000,,"jacob.lee@gmail,com",5,A
438,Mark Henry,Finance,,Male,11-01-2022,,Boston,mark.henry@gmail.com,6,C
439,Ahmed Khan,,23,M,14-04-2010,65000,Mumbai,,2,B
440,Olivia,Marketing,,M,17-08-2016,46000,SanFrancisco,olivia@hotmail.com,11,B
441,Olivia,Sales,22,M,28-02-2021,86500,Delhi,olivia@gmail.com,3,C
442,Lucy,HR,43,F,17-02-2023,72500,SanFrancisco,,1,B
443,Peter Parker,HR,24,Female,08-12-2018,89000,Delhi,peter.parker@yahoo.com,5,C
444,Emily Brown,HR,30,M,17-07-2023,80500,SanFrancisco,emily.brown@mailcom,,C
445,Maria Lopez,HR,31,Male,22-11-2012,68000,Dallas,maria.lopez@yahoo.com,2,A
446,Chris Taylor,Finance,44,F,29-10-2016,,New York,chris.taylor@mail.com,9,C
447,Rahul,Sales,31,Male,24-11-2018,,New York,rahul@n/a,7,A
448,Rahul,Finance,33,Male,28-03-2016,69000,Delhi,rahul@gmail.com,5,B
449,Ava Wilson,,26,F,,59500,,ava.wilson@n/a,10,B
450,Ava Wilson,IT,32,Male,15-12-2016,63000,Boston,"ava.wilson@gmail,com",5,B
451,Karen,HR,31,Female,25-09-2010,81000,Mumbai,karen@yahoo.com,13,A
452,Ahmed Khan,IT,40,M,13-02-2016,57500,Delhi,ahmed.khan@yahoo.com,14,A
453,Olivia,Finance,31,Male,05-07-2017,,SanFrancisco,olivia@n/a,,A
454,Sophia,HR,38,Male,10-10-2012,89500,Lahore,sophia@mailcom,1,B
455,Chris Taylor,IT,29,Male,12-06-2015,49500,Miami,chris.taylor@yahoo.com,7,C
456,Jessica Fin,IT,24,Female,13-03-2019,92500,Mumbai,jessica.fin@hotmail.com,,C
457,Ahmed Khan,IT,34,Male,17-06-2013,70000,Lahore,ahmed.khan@mail.com,6,C
458,Jessica Fin,Marketing,,M,02-02-2014,57500,NewYork,jessica.fin@n/a,13,B
459,David Miller,HR,25,M,28-05-2020,77000,Boston,david.miller@hotmail.com,3,C
460,Sunil,Sales,36,F,22-02-2019,58500,New York,sunil@yahoo.com,12,C
461,Sophia,Marketing,39,Female,21-06-2012,48500,Lahore,sophia@mail.com,5,A
462,Ava Wilson,IT,48,Male,03-04-2021,,Lahore,ava.wilson@mail.com,12,B
463,Ava Wilson,Sales,32,Female,01-09-2016,,Chicago,ava.wilson@mail.com,12,A
464,Karen,Sales,27,M,19-08-2017,40500,Boston,karen@mail.com,13,B
465,Linda,Marketing,,Male,04-12-2018,70500,Mumbai,linda@hotmail.com,9,A
466,Tom O’Brien,Marketing,35,Male,10-08-2017,94500,Dallas,tom.o’brien@mailcom,7,C
467,Nina Patel,IT,35,F,05-12-2017,49500,Chicago,nina.patel@hotmail.com,8,C
468,Nina Patel,Finance,43,M,02-01-2014,62500,San Francisco,nina.patel@gmail.com,2,C
469,Neha Verma,Finance,38,Female,04-08-2021,64500,Mumbai,neha.verma@n/a,11,B
470,Henry,IT,31,M,20-09-2015,93000,Miami,henry@yahoo.com,1,A
471,David Miller,HR,27,Female,07-09-2018,70000,Mumbai,david.miller@hotmail.com,,C
472,Ava Wilson,HR,44,F,03-04-2017,87500,Lahore,,3,C
473,Robert Jr,Sales,24,F,14-01-2018,88000,Delhi,robert.jr@gmail.com,7,A
474,Neha Verma,IT,32,F,09-07-2017,83000,Delhi,neha.verma@n/a,3,A
475,Henry,,31,F,03-03-2010,88500,Dallas,henry@hotmail.com,12,C
476,Jacob Lee,HR,29,M,04-07-2013,61000,Boston,jacob.lee@yahoo.com,9,B
477,Peter Parker,Marketing,25,F,24-01-2022,90000,Lahore,peter.parker@n/a,2,B
478,Andrew Chen,Marketing,,M,22-10-2018,77000,SanFrancisco,andrew.chen@n/a,1,A
479,Henry,Sales,27,M,10-03-2011,53500,Mumbai,henry@hotmail.com,4,B
480,Jacob Lee,HR,42,Female,03-05-2022,47500,Dallas,"jacob.lee@gmail,com",,C
481,Ava Wilson,Marketing,,M,27-02-2010,53500,Miami,ava.wilson@hotmail.com,4,A
482,Karen,HR,22,F,15-07-2010,73000,New York,karen@gmail.com,14,A
483,John Doe,Sales,49,F,28-03-2023,,,john.doe@mail.com,12,C
484,Maria Lopez,Finance,43,Male,04-11-2016,48500,,"maria.lopez@gmail,com",1,B
485,Peter Parker,HR,38,F,19-03-2012,74000,,peter.parker@yahoo.com,1,A
486,David Miller,HR,36,Male,04-02-2023,61500,,"david.miller@gmail,com",1,C
487,Karen,Finance,40,Male,13-02-2012,62500,Lahore,karen@n/a,1,B
488,Priya Sharma,Finance,35,Male,25-11-2022,,Mumbai,priya.sharma@hotmail.com,14,C
489,Mark Henry,Marketing,43,F,10-01-2019,65500,Lahore,mark.henry@mail.com,,A
490,Emily Brown,HR,49,Female,17-07-2021,72000,Lahore,emily.brown@yahoo.com,9,C
491,Henry,Finance,,Male,30-11-2020,79000,Miami,henry@gmail.com,,B
492,Ana Lucia,Sales,28,Male,12-12-2021,61500,Chicago,ana.lucia@mail.com,14,C
493,Ahmed Khan,Sales,26,F,17-10-2018,94000,SanFrancisco,,5,B
494,Chris Taylor,Sales,40,M,31-07-2021,93000,Mumbai,chris.taylor@hotmail.com,10,A
495,Mark Henry,Sales,37,Female,01-03-2016,79500,Boston,,3,B
496,,HR,48,M,21-05-2014,66500,Mumbai,,10,B
497,Olivia,HR,46,M,16-04-2023,59000,New York,olivia@yahoo.com,1,B
498,Adam Smith,Marketing,44,Female,22-10-2022,55000,NewYork,"adam.smith@gmail,com",14,B
499,Neha Verma,HR,42,Female,02-10-2012,47500,Mumbai,neha.verma@yahoo.com,1,C
500,Emily Brown,HR,25,M,09-07-2023,49000,Miami,"emily.brown@gmail,com",9,B
501,Emily Brown,Sales,35,M,17-05-2010,84500,Chicago,emily.brown@mail.com,14,C
502,Maria Lopez,Finance,,Male,15-12-2012,70000,Boston,maria.lopez@yahoo.com,1,A
503,Mark Henry,Sales,45,Male,09-07-2013,60500,NewYork,mark.henry@yahoo.com,14,B
504,Henry,HR,24,Female,04-10-2013,52500,Miami,,9,B
505,Peter Parker,Sales,30,F,,52500,SanFrancisco,peter.parker@mailcom,14,A
506,Tom O’Brien,Finance,43,M,22-10-2020,40500,NewYork,tom.o’brien@mailcom,,A
507,Linda,Finance,23,M,18-03-2013,43500,SanFrancisco,linda@yahoo.com,10,C
508,Lily Evans,IT,23,Female,30-01-2012,88500,Chicago,lily.evans@yahoo.com,12,A
509,Lily Evans,Finance,33,F,19-12-2017,80500,Miami,lily.evans@gmail.com,2,A
510,Jessica Fin,Finance,26,Female,03-09-2015,43500,SanFrancisco,jessica.fin@gmail.com,8,A
511,Sophia,Finance,41,F,19-11-2021,,Delhi,sophia@mailcom,12,B
512,Ava Wilson,IT,27,F,08-11-2014,48000,Lahore,,9,C
513,Rahul,IT,34,Male,19-07-2016,58000,New York,rahul@gmail.com,,C
514,Nina Patel,Marketing,45,F,29-01-2011,72000,Miami,nina.patel@mail.com,1,A
515,Robert Jr,Marketing,43,F,20-09-2014,53500,Delhi,robert.jr@gmail.com,13,C
516,Priya Sharma,Sales,35,Female,27-03-2015,92000,Lahore,,6,B
517,John Doe,HR,48,F,21-01-2021,55000,SanFrancisco,john.doe@mail.com,7,C
518,Lily Evans,Sales,25,Female,23-05-2022,67000,Delhi,lily.evans@mail.com,9,B
519,Robert Jr,HR,49,Male,,42500,Boston,,6,A
520,Emily Brown,Sales,31,F,29-09-2018,64500,Miami,emily.brown@n/a,14,C
521,Robert Jr,HR,28,M,01-07-2022,58500,Chicago,robert.jr@hotmail.com,5,A
522,Robert Jr,HR,,M,23-08-2022,77500,Miami,robert.jr@gmail.com,12,A
523,Jacob Lee,IT,39,F,09-05-2020,82000,SanFrancisco,jacob.lee@mailcom,9,A
524,John Doe,Finance,49,Female,31-05-2012,,Boston,"john.doe@gmail,com",5,A
525,Jessica Fin,Sales,44,Female,01-03-2014,40500,Boston,"jessica.fin@gmail,com",6,C
526,Jacob Lee,IT,30,M,22-06-2013,83500,Delhi,jacob.lee@mailcom,8,C
527,Neha Verma,IT,43,Male,13-02-2021,65500,Boston,neha.verma@mail.com,4,B
528,Ravi Kumar,Sales,32,F,08-06-2014,53500,Mumbai,ravi.kumar@hotmail.com,1,A
529,Priya Sharma,Marketing,24,Female,28-01-2015,,Chicago,"priya.sharma@gmail,com",8,A
530,Robert Jr,IT,24,F,07-03-2015,,San Francisco,robert.jr@mailcom,7,B
531,Olivia,HR,31,Male,17-11-2022,41500,Lahore,olivia@yahoo.com,11,A
532,Ravi Kumar,Sales,49,Female,24-02-2015,73000,San Francisco,ravi.kumar@mailcom,,C
533,Sophia,,49,M,28-03-2023,83500,Lahore,sophia@gmail.com,1,A
534,Neha Verma,,44,Male,02-06-2019,68500,Lahore,"neha.verma@gmail,com",12,A
535,Henry,Sales,22,Male,29-11-2021,89000,Dallas,henry@hotmail.com,5,C
536,Karen,Marketing,33,Female,08-11-2013,57000,Chicago,karen@mail.com,5,A
537,Peter Parker,IT,49,M,04-08-2012,64500,Dallas,peter.parker@yahoo.com,8,C
538,Mark Henry,IT,32,Male,11-12-2016,61500,NewYork,mark.henry@gmail.com,6,B
539,Ava Wilson,HR,35,Male,18-03-2022,64000,Boston,ava.wilson@hotmail.com,9,A
540,Adam Smith,HR,31,M,01-12-2020,81500,Lahore,adam.smith@n/a,1,B
541,,IT,49,F,14-05-2013,89000,Delhi,,7,C
542,Ahmed Khan,Marketing,29,Male,14-10-2021,51000,Chicago,,11,B
543,Lily Evans,Finance,24,Male,12-07-2019,89500,NewYork,lily.evans@yahoo.com,4,A
544,Adam Smith,IT,28,Male,30-04-2012,89500,Delhi,adam.smith@hotmail.com,1,A
545,Nina Patel,Marketing,,F,08-10-2020,55000,SanFrancisco,nina.patel@mail.com,10,C
546,Sarah Smith,Sales,28,Female,28-05-2016,55000,Chicago,,4,B
547,Mark Henry,HR,39,F,20-04-2015,88000,Lahore,mark.henry@mailcom,5,A
548,Chris Taylor,Marketing,36,Male,26-05-2016,94000,Dallas,chris.taylor@gmail.com,5,A
549,Henry,Marketing,41,Male,08-06-2011,82000,NewYork,"henry@gmail,com",,B
550,Lucy,IT,30,Female,12-11-2012,49500,Lahore,lucy@mailcom,6,A
551,Priya Sharma,IT,,Male,06-07-2013,55000,,"priya.sharma@gmail,com",6,B
552,Lily Evans,Marketing,26,Female,20-04-2021,74500,Boston,,3,A
553,Andrew Chen,Finance,47,F,20-07-2011,82500,Mumbai,andrew.chen@mailcom,10,B
554,Henry,Marketing,23,Female,07-08-2013,47000,,henry@yahoo.com,7,B
555,Karen,Sales,27,Female,08-08-2021,49000,Delhi,karen@gmail.com,11,A
556,Neha Verma,Marketing,39,Female,25-10-2011,74000,Dallas,neha.verma@mailcom,14,C
557,Mark Henry,Marketing,40,Male,17-04-2022,67500,,mark.henry@mail.com,4,A
558,Lily Evans,Sales,37,F,19-04-2014,66500,Miami,lily.evans@mail.com,3,A
559,Tom O’Brien,,49,Female,14-04-2021,76000,Delhi,tom.o’brien@mailcom,3,C
560,Peter Parker,Finance,,M,22-10-2013,59000,Boston,peter.parker@mail.com,3,A
561,Peter Parker,HR,,M,08-03-2014,87500,SanFrancisco,peter.parker@hotmail.com,10,C
562,Olivia,IT,49,M,23-09-2018,,Lahore,olivia@mailcom,,B
563,Nina Patel,Sales,41,Female,18-10-2015,70500,New York,nina.patel@mailcom,7,A
564,Jessica Fin,Sales,47,Female,27-04-2020,63000,Miami,,12,B
565,Ravi Kumar,HR,23,F,01-06-2010,45500,Miami,ravi.kumar@n/a,7,A
566,Ana Lucia,Marketing,44,F,14-08-2016,77500,Mumbai,ana.lucia@mail.com,,B
567,Nina Patel,Finance,38,M,01-07-2013,,,nina.patel@mail.com,12,A
568,Ravi Kumar,IT,26,Female,13-07-2011,68000,Delhi,ravi.kumar@mailcom,2,A
569,Henry,Finance,,Male,01-06-2013,84500,Miami,,8,A
570,,IT,40,M,28-07-2021,81500,Boston,,13,B
571,Ava Wilson,Marketing,27,Female,20-02-2022,87500,SanFrancisco,ava.wilson@mailcom,5,B
572,Olivia,Finance,29,Female,29-07-2013,86500,Lahore,olivia@n/a,4,B
573,Henry,Sales,31,Female,22-03-2010,85000,Lahore,henry@mailcom,3,C
574,David Miller,Marketing,23,F,28-03-2021,84500,SanFrancisco,,6,A
575,,Sales,44,F,08-05-2021,47500,New York,,1,A
576,Nina Patel,IT,34,M,18-06-2014,68500,Lahore,nina.patel@n/a,3,A
577,Maria Lopez,Sales,35,F,09-11-2014,48500,Mumbai,maria.lopez@mailcom,14,A
578,Mark Henry,HR,38,Male,21-02-2011,67500,Mumbai,"mark.henry@gmail,com",3,B
579,Priya Sharma,HR,28,F,01-03-2017,92000,Miami,priya.sharma@mail.com,,A
580,Chris Taylor,IT,29,F,03-04-2011,48000,SanFrancisco,"chris.taylor@gmail,com",3,B
581,Nina Patel,HR,48,F,06-10-2011,72000,Miami,nina.patel@hotmail.com,,B
582,Neha Verma,Sales,,M,19-09-2014,84000,Miami,neha.verma@yahoo.com,2,C
583,Peter Parker,Finance,,F,03-10-2011,59500,Miami,"peter.parker@gmail,com",6,B
584,Karen,Finance,22,M,13-04-2015,45500,Boston,karen@hotmail.com,9,A
585,Ravi Kumar,HR,38,Female,24-07-2017,45000,Chicago,ravi.kumar@mail.com,11,C
586,Adam Smith,Finance,36,Male,29-01-2019,91500,Boston,adam.smith@hotmail.com,8,C
587,Mark Henry,Sales,32,F,13-04-2014,71000,Dallas,mark.henry@hotmail.com,12,B
588,David Miller,Sales,43,Female,15-02-2023,79000,Mumbai,david.miller@yahoo.com,6,C
589,Tom O’Brien,IT,23,Male,09-06-2013,54500,Boston,tom.o’brien@hotmail.com,6,A
590,Jacob Lee,Marketing,43,F,05-10-2012,,NewYork,"jacob.lee@gmail,com",6,C
591,,Marketing,49,Male,02-09-2017,91000,Delhi,,1,B
592,Neha Verma,Finance,46,F,03-01-2021,81000,SanFrancisco,neha.verma@mail.com,3,B
593,Adam Smith,IT,31,Male,05-12-2017,50500,Chicago,,7,A
594,Mark Henry,Marketing,45,M,28-05-2021,45500,NewYork,mark.henry@mailcom,9,B
595,Sarah Smith,Finance,,Female,01-12-2010,56500,,sarah.smith@n/a,1,C
596,Adam Smith,IT,46,F,22-08-2017,92000,Boston,adam.smith@gmail.com,14,A
597,John Doe,IT,38,Female,04-06-2014,53000,Miami,john.doe@mailcom,3,C
598,Ravi Kumar,HR,,F,25-01-2016,51000,Boston,ravi.kumar@hotmail.com,4,B
599,Priya Sharma,Marketing,34,Male,27-10-2019,,Dallas,priya.sharma@mailcom,12,B
600,Henry,HR,44,M,11-09-2021,81000,Miami,henry@mail.com,9,B
601,Ravi Kumar,Sales,33,Female,10-10-2021,66000,Mumbai,ravi.kumar@hotmail.com,3,A
602,Ava Wilson,Sales,,Male,02-05-2010,69500,SanFrancisco,ava.wilson@yahoo.com,12,B
603,Lily Evans,HR,36,M,13-02-2017,49500,San Francisco,lily.evans@n/a,3,A
604,Maria Lopez,Marketing,37,Male,12-03-2018,61000,Delhi,maria.lopez@mailcom,11,A
605,Priya Sharma,Marketing,25,M,11-07-2017,59000,Lahore,priya.sharma@gmail.com,7,A
606,David Miller,IT,31,F,23-07-2016,91500,Dallas,david.miller@n/a,7,C
607,Robert Jr,Marketing,32,Male,04-03-2014,54500,Dallas,robert.jr@yahoo.com,4,C
608,Tom O’Brien,IT,39,F,31-08-2019,48000,NewYork,tom.o’brien@gmail.com,8,B
609,Tom O’Brien,IT,45,Female,25-01-2018,60000,Lahore,"tom.o’brien@gmail,com",11,A
610,Nina Patel,Sales,38,F,30-09-2019,47000,Boston,"nina.patel@gmail,com",1,C
611,Jessica Fin,HR,33,M,20-09-2020,68500,New York,jessica.fin@mail.com,13,C
612,Peter Parker,HR,,Male,20-12-2014,51000,Chicago,"peter.parker@gmail,com",5,C
613,Priya Sharma,Finance,49,Female,05-12-2020,42000,Delhi,priya.sharma@yahoo.com,14,C
614,Ava Wilson,HR,25,F,27-04-2023,51000,NewYork,ava.wilson@mail.com,7,B
615,,Marketing,23,Male,27-03-2014,75500,Chicago,,5,A
616,Robert Jr,IT,39,Female,09-09-2019,91000,Lahore,"robert.jr@gmail,com",7,B
617,Henry,IT,23,Male,17-11-2013,45000,Delhi,,1,C
618,Lily Evans,HR,31,F,13-11-2015,66500,Miami,,7,A
619,Chris Taylor,IT,32,Female,05-03-2022,70000,Boston,chris.taylor@mail.com,1,B
620,John Doe,HR,32,Male,18-12-2022,,Boston,john.doe@gmail.com,13,C
621,,IT,49,Male,09-01-2022,40000,Delhi,,6,B
622,Linda,Sales,37,M,17-09-2017,51000,Lahore,linda@mail.com,9,A
623,John Doe,Sales,38,Female,02-06-2022,73000,Delhi,,1,A
624,John Doe,HR,33,M,15-05-2020,88000,Delhi,john.doe@yahoo.com,12,A
625,,Finance,43,Male,19-03-2020,49500,Miami,,1,B
626,Rahul,,35,Female,12-02-2013,56000,Delhi,rahul@mailcom,10,A
627,Priya Sharma,HR,43,M,11-07-2014,62000,Lahore,priya.sharma@gmail.com,11,A
628,Adam Smith,Sales,45,Male,26-10-2015,59000,,"adam.smith@gmail,com",10,C
629,Tom O’Brien,IT,47,F,17-12-2013,47000,,tom.o’brien@yahoo.com,4,A
630,David Miller,Finance,46,Male,21-02-2021,80000,NewYork,"david.miller@gmail,com",6,B
631,Andrew Chen,Marketing,39,M,26-09-2014,86500,NewYork,andrew.chen@mail.com,,B
632,Sophia,IT,39,Female,06-06-2019,73000,Chicago,"sophia@gmail,com",,A
633,Adam Smith,IT,46,F,03-08-2016,55000,SanFrancisco,adam.smith@mailcom,13,B
634,Olivia,HR,37,F,11-08-2023,65500,NewYork,olivia@mailcom,3,A
635,,Marketing,,F,29-05-2023,74500,Mumbai,,2,B
636,,Finance,31,Female,16-12-2017,94000,Miami,,12,B
637,Karen,Finance,45,F,10-12-2015,82500,Lahore,"karen@gmail,com",1,A
638,Sophia,HR,24,F,07-06-2018,43500,Dallas,sophia@mail.com,5,A
639,Sophia,IT,,Male,12-11-2022,52500,Boston,sophia@gmail.com,14,A
640,Emily Brown,Marketing,41,Male,13-10-2016,66000,New York,emily.brown@hotmail.com,13,B
641,Andrew Chen,Sales,48,Female,08-08-2016,51500,Mumbai,,13,A
642,Andrew Chen,Marketing,32,F,27-09-2016,55000,Chicago,andrew.chen@yahoo.com,1,B
643,Adam Smith,Marketing,43,F,28-10-2013,64500,,"adam.smith@gmail,com",7,C
644,,HR,47,Male,15-05-2015,65000,Miami,,,A
645,Neha Verma,IT,23,F,14-03-2022,41000,Dallas,neha.verma@yahoo.com,7,A
646,Sunil,Sales,39,Male,06-01-2011,44500,NewYork,sunil@mail.com,4,C
647,Sunil,Sales,38,Female,25-04-2021,51000,Boston,sunil@mail.com,6,C
648,Mark Henry,Sales,39,Female,12-03-2022,71000,Lahore,"mark.henry@gmail,com",7,B
649,Tom O’Brien,HR,34,M,22-06-2018,60500,Lahore,tom.o’brien@mail.com,2,B
650,Priya Sharma,Finance,27,Male,22-01-2023,51000,San Francisco,priya.sharma@yahoo.com,2,A
296,Ana Lucia,Sales,32,F,01-11-2015,90000,Dallas,ana.lucia@mail.com,2,A
180,Sophia,HR,28,M,18-09-2012,53500,Miami,sophia@gmail.com,2,C
581,Nina Patel,HR,48,F,06-10-2011,72000,Miami,nina.patel@hotmail.com,,B
210,Rahul,Marketing,29,F,27-01-2022,79500,Delhi,rahul@n/a,,B
623,John Doe,Sales,38,Female,02-06-2022,73000,Delhi,,1,A
633,Adam Smith,IT,46,F,03-08-2016,55000,SanFrancisco,adam.smith@mailcom,13,B
185,Ava Wilson,Finance,37,Female,03-10-2018,93500,Boston,ava.wilson@gmail.com,10,A
469,Neha Verma,Finance,38,Female,04-08-2021,64500,Mumbai,neha.verma@n/a,11,B
233,Rahul,IT,46,Male,06-10-2017,90500,Boston,rahul@mailcom,6,C
465,Linda,Marketing,,Male,04-12-2018,70500,Mumbai,linda@hotmail.com,9,A
